Driver,Driver Email,Capacity,Rider,Rider Address
Shelley Seger,pmcalpine0@cdc.gov,3,Pierette McAlpine
Ellis Mayo,eeleshenar1@timesonline.co.uk,2,Euphemia Eleshenar
Rice Tefft,gcrooke2@typepad.com,4,Gypsy Crooke
Emmeline Crossland,cswindon3@census.gov,3,
Jameson Barwick,hwhear4@newsvine.com,1,Hulda Whear
Henryetta De Domenico,kalenichicov5@miibeian.gov.cn,4,
Del Oblein,cbraune6@hc360.com,4,Carly Braune
Elia Scyone,astuchberry7@ebay.com,4,Ardith Stuchberry
Angelica Kubacki,kparton8@mayoclinic.com,4,Kylen Parton
Meghan Karys,pjacobson9@ustream.tv,4,
Leigha Neligan,bstaveleya@t.co,1,Bo Staveley
Belinda Bickmore,srosengartenb@tinyurl.com,3,
Dre Pinniger,rdoucettec@cbsnews.com,4,
Berty Assender,kespositod@google.ru,3,Kristal Esposito
Cynde Colvin,caldise@123-reg.co.uk,1,Channa Aldis
Lauritz Ranby,cstockfordf@xinhuanet.com,3,Chucho Stockford
Valentine Lehrle,smcquing@bravesites.com,3,Sallyann McQuin
Allianora Meriet,wkleinbaumh@washington.edu,1,Weylin Kleinbaum
Judye Corkitt,echanneri@google.co.uk,2,
Gwyn Shakelady,ellopisj@joomla.org,3,Elly Llopis
Hugues Bosworth,rportressk@elpais.com,1,Rochester Portress
Monah Cowper,kbaddileyl@telegraph.co.uk,4,Kora Baddiley
Nester Saltman,bwraithm@timesonline.co.uk,1,Barbara-anne Wraith
Alexi Domico,mianellin@dion.ne.jp,4,Modestia Ianelli
Maia Mardoll,dmcardleo@washington.edu,1,Delphine McArdle
Cleve Batkin,mmccroriep@clickbank.net,2,Manfred McCrorie
Aileen Brennand,kvelasquezq@unesco.org,4,
Suki Soltan,rschanker@gizmodo.com,5,
Eula Fluck,cpateys@google.ru,5,Caitlin Patey
Archie Hudson,rglasscottt@exblog.jp,3,
Althea Bosch,idowu@facebook.com,3,Isahella Dow
Cheslie Plaister,rheindrickv@pagesperso-orange.fr,5,Rory Heindrick
Sutton Acreman,cgoldew@github.com,5,
Samson Eddoes,ehalcrox@irs.gov,2,
Vite Slader,rbalfey@indiatimes.com,5,Robbie Balfe
Filippa Yanele,akidnerz@oracle.com,2,Ardisj Kidner
Kevin MacTague,hwestcott10@dyndns.org,2,Hettie Westcott
Trenton Gianolini,yfear11@nasa.gov,1,Yves Fear
Rochell Waymont,dkeiling12@photobucket.com,4,
Giff Marner,aitzcovichch13@blogs.com,2,
