Driver,Driver Email,Notes,Capacity,Rider,Rider Address
Humfrid Perllman,tmerioth0@yahoo.co.jp,Pellentesque ultrices mattis odio. Donec vitae nisi.,5,
Isidor Owttrim,cgrieveson1@miitbeian.gov.cn,"Lorem ipsum dolor sit amet, consectetuer adipiscing elit. Proin risus. Praesent lectus.",3,Cash Grieveson
Corey Nathon,atink2@biglobe.ne.jp,,5,
Fifine Boyson,jkobelt3@home.pl,Duis at velit eu est congue elementum. In hac habitasse platea dictumst.,3,Janey Kobelt
Rodi Mangham,ehaskew4@printfriendly.com,Suspendisse potenti. Nullam porttitor lacus at turpis.,4,Eileen Haskew
Bealle Vasilik,cstrover5@1und1.de,Integer ac neque. Duis bibendum. Morbi non quam nec dui luctus rutrum. Nulla tellus. In sagittis dui vel nisl.,1,Cal Strover
Patsy Satchel,ldemangel6@ifeng.com,Nulla facilisi. Cras non velit nec nisi vulputate nonummy. Maecenas tincidunt lacus at velit.,3,Lynna Demangel
Myrtle Matskiv,dbest7@mlb.com,"Duis bibendum, felis sed interdum venenatis, turpis enim blandit mi, in porttitor pede justo eu massa. Donec dapibus.",3,Delila Best
Berti Roggers,phatter8@stanford.edu,,3,Phillida Hatter
Wynne Hallor,hgawthrop9@dell.com,"Quisque arcu libero, rutrum ac, lobortis vel, dapibus at, diam.",5,Harv Gawthrop
Ninetta Doumenc,dcoenraetsa@ow.ly,Nulla facilisi. Cras non velit nec nisi vulputate nonummy. Maecenas tincidunt lacus at velit. Vivamus vel nulla eget eros elementum pellentesque. Quisque porta volutpat erat.,3,
Herby Kinde,fsafeb@etsy.com,Donec posuere metus vitae ipsum. Aliquam non mauris. Morbi non lectus. Aliquam sit amet diam in magna bibendum imperdiet.,4,
Alia Heinritz,kprinnc@joomla.org,,3,Kelby Prinn
Benjamen Bingall,kmacterlaghd@toplist.cz,Curabitur convallis. Duis consequat dui nec nisi volutpat eleifend.,2,
Calla Jonuzi,kmarrowse@godaddy.com,"Nulla ac enim. In tempor, turpis nec euismod scelerisque, quam turpis adipiscing lorem, vitae mattis nibh ligula nec sem. Duis aliquam convallis nunc. Proin at turpis a pede posuere nonummy.",1,Kermie Marrows
Mercy Spoure,lcranneyf@wufoo.com,,2,Lion Cranney
Morgan Canet,mblaycockg@phpbb.com,"Curabitur at ipsum ac tellus semper interdum. Mauris ullamcorper purus sit amet nulla. Quisque arcu libero, rutrum ac, lobortis vel, dapibus at, diam. Nam tristique tortor eu pede.",2,Mia Blaycock
Kassia Pitford,pstoateh@angelfire.com,"Vivamus vestibulum sagittis sapien. Cum sociis natoque penatibus et magnis dis parturient montes, nascetur ridiculus mus. Etiam vel augue.",3,Perle Stoate
Carmen Gilcrist,mjewisei@squidoo.com,"Vestibulum sed magna at nunc commodo placerat. Praesent blandit. Nam nulla. Integer pede justo, lacinia eget, tincidunt eget, tempus vel, pede.",3,
Scotti Shillan,eskehensj@biblegateway.com,,4,Elsinore Skehens
